"department","id","employment"
"A",1,1
"A",2,1
"A",3,0
"A",4,0
"A",5,0
"A",6,1
"A",7,1
"A",8,1
"A",9,1
"A",10,1
"A",11,1
"A",12,1
"A",13,0
"A",14,1
"A",15,1
"A",16,1
"A",17,1
"A",18,1
"A",19,1
"A",20,0
"A",21,1
"A",22,0
"A",23,0
"A",24,1
"A",25,1
"A",26,1
"A",27,0
"A",28,1
"A",29,1
"A",30,0
"A",31,0
"A",32,1
"A",33,1
"A",34,0
"A",35,1
"A",36,1
"A",37,1
"A",38,1
"A",39,1
"A",40,1
"A",41,1
"A",42,0
"A",43,1
"A",44,1
"A",45,1
"A",46,1
"A",47,1
"A",48,0
"A",49,1
"A",50,0
"A",51,1
"A",52,1
"A",53,0
"A",54,0
"A",55,0
"A",56,1
"A",57,1
"B",58,1
"B",59,1
"B",60,1
"B",61,0
"B",62,1
"B",63,1
"B",64,1
"B",65,1
"B",66,0
"B",67,0
"B",68,1
"B",69,1
"B",70,1
"B",71,1
"B",72,1
"B",73,1
"B",74,1
"B",75,1
"B",76,1
"B",77,1
"B",78,1
"B",79,1
"B",80,1
"B",81,1
"B",82,1
"B",83,0
"B",84,1
"B",85,1
"B",86,1
"B",87,1
"B",88,1
"B",89,0
"B",90,0
"B",91,1
"B",92,1
"B",93,1
"B",94,1
"B",95,0
"B",96,1
"B",97,0
"B",98,1
"B",99,0
"B",100,1
"B",101,1
"B",102,1
"B",103,1
"B",104,1
"B",105,0
"B",106,0
"B",107,1
"B",108,1
"B",109,0
"B",110,1
"B",111,0
"B",112,1
"B",113,1
"B",114,1
"B",115,1
"B",116,1
"B",117,1
"B",118,0
"B",119,1
"B",120,1
"B",121,1
"B",122,0
"B",123,1
"B",124,1
"B",125,1
"B",126,1
"B",127,1
"B",128,1
"B",129,1
"B",130,1
"B",131,1
"B",132,0
"B",133,1
"B",134,1
"B",135,0
"B",136,0
"B",137,1
"B",138,0
"B",139,0
"B",140,1
"B",141,1
"B",142,1
"B",143,1
"B",144,1
"B",145,1
"B",146,0
"B",147,1
"B",148,1
"B",149,1
"B",150,1
"B",151,1
"B",152,1
"B",153,1
"B",154,0
"B",155,1
"B",156,0
"B",157,1
"B",158,1
"B",159,1
"B",160,1
"B",161,1
"B",162,0
"B",163,1
"B",164,0
"B",165,0
"B",166,0
"C",167,1
"C",168,1
"C",169,1
"C",170,1
"C",171,1
"C",172,0
"C",173,1
"C",174,1
"C",175,1
"C",176,0
"C",177,0
"C",178,0
"C",179,1
"C",180,0
"C",181,1
"C",182,1
"C",183,1
"C",184,1
"C",185,1
"C",186,1
"C",187,0
"C",188,1
"C",189,1
"C",190,1
"C",191,0
"C",192,0
"C",193,0
"C",194,1
"C",195,1
"C",196,1
"C",197,0
"C",198,1
"C",199,1
"C",200,1
"C",201,1
"C",202,1
"C",203,1
"C",204,1
"C",205,1
"C",206,1
"C",207,1
"C",208,1
"C",209,1
"C",210,0
"C",211,0
"C",212,0
"C",213,0
"C",214,1
"C",215,1
"C",216,0
"C",217,0
"C",218,1
"C",219,0
"C",220,0
"C",221,1
"D",222,1
"D",223,1
"D",224,1
"D",225,1
"D",226,1
"D",227,1
"D",228,1
"D",229,0
"D",230,1
"D",231,1
"D",232,0
"D",233,0
"D",234,1
"D",235,1
"D",236,0
"D",237,0
"D",238,1
"D",239,1
"D",240,0
"D",241,1
"D",242,1
"D",243,0
"D",244,1
"D",245,1
"D",246,0
"D",247,1
"D",248,1
"D",249,0
"D",250,0
"D",251,1
"D",252,1
"D",253,1
"D",254,1
"D",255,1
"D",256,0
"D",257,1
"D",258,1
"D",259,1
"D",260,1
"D",261,1
"D",262,1
"D",263,0
"D",264,1
"D",265,1
"D",266,1
"D",267,1
"D",268,0
"D",269,1
"D",270,1
"D",271,1
"D",272,0
"D",273,1
"D",274,1
"D",275,1
"D",276,0
"D",277,1
"D",278,1
"D",279,0
"D",280,1
"D",281,1
"D",282,0
"D",283,1
"D",284,1
"D",285,1
"D",286,1
"D",287,1
"D",288,1
"D",289,0
"D",290,1
"D",291,1
"D",292,0
"D",293,0
"D",294,1
"D",295,1
"D",296,0
"D",297,1
"D",298,0
"D",299,1
"D",300,0
"D",301,1
"D",302,0
"D",303,1
"D",304,1
"D",305,0
"D",306,1
"D",307,0
"D",308,1
"D",309,0
"D",310,0
"D",311,1
"D",312,1
"D",313,1
"D",314,1
"D",315,1
"D",316,0
"D",317,0
"D",318,1
"D",319,0
"D",320,1
"D",321,1
"D",322,1
"D",323,0
"D",324,1
"E",325,1
"E",326,1
"E",327,1
"E",328,0
"E",329,1
"E",330,1
"E",331,1
"E",332,1
"E",333,0
"E",334,1
"E",335,1
"E",336,1
"E",337,1
"E",338,1
"E",339,1
"E",340,1
"E",341,0
"E",342,1
"E",343,1
"E",344,1
"E",345,1
"E",346,0
"E",347,0
"E",348,1
"E",349,1
"E",350,0
"E",351,1
"E",352,1
"E",353,1
"E",354,1
"E",355,1
"E",356,1
"E",357,1
"E",358,1
"E",359,0
"E",360,1
"E",361,0
"E",362,0
"E",363,0
"E",364,1
"E",365,1
"E",366,0
"E",367,1
"E",368,1
"E",369,1
"E",370,1
"E",371,1
"E",372,0
"E",373,0
"E",374,0
"E",375,1
"E",376,1
"E",377,0
"E",378,1
"E",379,1
"E",380,1
"E",381,1
"E",382,1
"E",383,1
"E",384,1
"E",385,1
"E",386,0
"E",387,1
"E",388,0
"E",389,1
"E",390,0
"E",391,1
"E",392,1
"E",393,1
"E",394,1
"E",395,1
"E",396,0
"E",397,1
"E",398,0
"E",399,1
"E",400,1
"E",401,0
"E",402,1
"E",403,1
"E",404,1
"E",405,1
"E",406,0
"E",407,0
"E",408,1
"E",409,1
"E",410,0
"E",411,1
"E",412,0
"E",413,1
"E",414,1
"E",415,1
"E",416,0
"E",417,1
"E",418,1
"E",419,1
"E",420,1
"E",421,1
"E",422,1
"E",423,1
"E",424,1
"E",425,0
"E",426,1
"E",427,1
"E",428,1
"E",429,0
"E",430,1
"E",431,0
"E",432,1
"E",433,1
"F",434,0
"F",435,1
"F",436,0
"F",437,1
"F",438,1
"F",439,1
"F",440,1
"F",441,1
"F",442,1
"F",443,0
"F",444,1
"F",445,0
"F",446,1
"F",447,0
"F",448,1
"F",449,1
"F",450,0
"F",451,1
"F",452,0
"F",453,1
"F",454,0
"F",455,1
"F",456,1
"F",457,0
"F",458,1
"F",459,0
"F",460,1
"F",461,0
"F",462,0
"F",463,1
"G",464,0
"G",465,0
"G",466,1
"G",467,1
"G",468,1
"G",469,1
"G",470,0
"G",471,1
"G",472,1
"G",473,1
"G",474,1
"G",475,1
"G",476,1
"G",477,1
"G",478,0
"G",479,0
"G",480,1
"G",481,1
"G",482,1
"G",483,1
"G",484,0
"G",485,1
"G",486,0
"G",487,1
"G",488,0
"G",489,1
"G",490,1
"G",491,0
"G",492,0
"G",493,1
"G",494,1
"G",495,1
"G",496,1
"G",497,0
"G",498,0
"G",499,0
"G",500,1
"G",501,0
"G",502,1
"G",503,1
"G",504,1
"G",505,0
"G",506,1
"G",507,1
"G",508,1
"G",509,0
"G",510,1
"G",511,1
"G",512,0
"G",513,1
"G",514,1
"G",515,0
"G",516,1
"G",517,1
"G",518,1
"G",519,1
"G",520,1
"G",521,1
"G",522,0
"G",523,1
"G",524,0
"G",525,1
"G",526,1
"G",527,1
"G",528,1
"G",529,1
"G",530,0
"G",531,1
"G",532,0
"G",533,0
"G",534,0
"G",535,0
"G",536,1
"G",537,0
"G",538,0
"G",539,0
"H",540,1
"H",541,1
"H",542,1
"H",543,1
"H",544,0
"H",545,1
"H",546,1
"H",547,0
"H",548,0
"H",549,1
"H",550,0
"H",551,1
"H",552,1
"H",553,0
"H",554,0
"H",555,0
"H",556,1
"H",557,1
"H",558,0
"H",559,0
"H",560,1
"H",561,1
"H",562,1
"H",563,0
"H",564,1
"H",565,1
"H",566,1
"H",567,0
"H",568,0
"H",569,1
"H",570,1
"H",571,0
"H",572,0
"H",573,0
"H",574,1
"H",575,1
"H",576,1
"H",577,0
"H",578,0
"H",579,1
"H",580,0
"H",581,1
"H",582,1
"H",583,0
"H",584,1
"H",585,1
"H",586,1
"H",587,1
"H",588,1
"H",589,1
"H",590,1
"H",591,1
"H",592,1
"H",593,0
"H",594,0
"H",595,1
"H",596,1
"H",597,0
"H",598,0
"H",599,0
"H",600,0
"H",601,0
"H",602,1
"H",603,1
"H",604,1
"H",605,1
"H",606,1
"H",607,1
"H",608,1
"H",609,1
"H",610,1
"H",611,1
"H",612,1
"H",613,1
"H",614,1
"H",615,1
"H",616,1
"H",617,0
"H",618,1
"H",619,1
"H",620,0
"H",621,1
"H",622,1
"H",623,1
"H",624,1
"H",625,1
"H",626,1
"H",627,1
"H",628,1
"H",629,1
"H",630,0
"H",631,1
"H",632,1
"H",633,1
"H",634,1
"H",635,0
"H",636,1
"H",637,1
"H",638,0
"H",639,0
"H",640,0
"I",641,1
"I",642,0
"I",643,0
"I",644,1
"I",645,0
"I",646,1
"I",647,1
"I",648,0
"I",649,1
"I",650,0
"I",651,1
"I",652,1
"I",653,0
"I",654,0
"I",655,1
"I",656,1
"I",657,0
"I",658,1
"I",659,1
"I",660,1
"I",661,1
"I",662,1
"I",663,0
"I",664,1
"I",665,1
"I",666,0
"I",667,1
"I",668,1
"I",669,1
"I",670,1
"I",671,1
"I",672,1
"I",673,1
"I",674,0
"I",675,1
"I",676,1
"I",677,1
"I",678,1
"I",679,1
"I",680,1
"I",681,1
"I",682,1
"I",683,1
"I",684,1
"I",685,1
"I",686,1
"I",687,0
"I",688,0
"I",689,1
"I",690,0
"I",691,1
"I",692,1
"I",693,1
"I",694,1
"I",695,1
"I",696,0
"I",697,1
"I",698,0
"I",699,1
"I",700,1
"I",701,0
"I",702,1
"I",703,1
"I",704,1
"I",705,1
"I",706,0
"I",707,0
"I",708,1
"I",709,1
"I",710,1
"I",711,0
"J",712,1
"J",713,1
"J",714,1
"J",715,1
"J",716,1
"J",717,1
"J",718,1
"J",719,1
"J",720,1
"J",721,1
"J",722,0
"J",723,1
"J",724,1
"J",725,0
"J",726,1
"J",727,1
"J",728,1
"J",729,1
"J",730,0
"J",731,0
"J",732,1
"J",733,1
"J",734,1
"J",735,1
"J",736,1
"J",737,1
"J",738,1
"J",739,1
"J",740,0
"J",741,0
"J",742,1
"J",743,1
"J",744,1
"J",745,1
"J",746,0
"J",747,1
"J",748,0
"J",749,1
"J",750,0
"J",751,1
"J",752,1
"J",753,0
"J",754,1
"J",755,1
"J",756,1
"J",757,0
"J",758,0
"J",759,1
"J",760,1
"J",761,1
"J",762,1
"J",763,0
"J",764,1
"J",765,1
"J",766,1
"J",767,1
"J",768,0
"J",769,0
"J",770,0
"K",771,1
"K",772,1
"K",773,0
"K",774,1
"K",775,1
"K",776,0
"K",777,1
"K",778,1
"K",779,0
"K",780,1
"K",781,1
"K",782,1
"K",783,1
"K",784,1
"K",785,1
"K",786,1
"K",787,1
"K",788,1
"K",789,0
"K",790,1
"K",791,0
"K",792,1
"K",793,1
"K",794,1
"K",795,0
"K",796,1
"K",797,1
"K",798,0
"K",799,1
"K",800,1
"K",801,0
"K",802,0
"K",803,1
"K",804,1
"K",805,1
"K",806,1
"K",807,1
"K",808,0
"K",809,1
"K",810,1
"K",811,0
"K",812,0
"K",813,1
"K",814,1
"K",815,1
"K",816,0
"K",817,0
"K",818,1
"K",819,0
"K",820,1
"K",821,1
"K",822,1
"K",823,0
"K",824,0
"K",825,0
"K",826,1
"K",827,1
"K",828,1
"K",829,0
"K",830,1
"K",831,1
"K",832,0
"K",833,1
"K",834,1
"K",835,1
"K",836,1
"K",837,0
"K",838,1
"K",839,1
"K",840,0
"K",841,1
"K",842,1
"K",843,1
"K",844,1
"K",845,1
"K",846,0
"K",847,0
"K",848,1
"K",849,0
"K",850,1
"K",851,0
"K",852,1
"K",853,1
"K",854,0
"K",855,0
"K",856,1
"K",857,0
"K",858,1
"K",859,1
"K",860,1
"K",861,1
"K",862,1
"K",863,1
"K",864,1
"K",865,1
"K",866,1
"K",867,1
"K",868,1
"L",869,0
"L",870,1
"L",871,1
"L",872,0
"L",873,1
"L",874,1
"L",875,1
"L",876,1
"L",877,1
"L",878,1
"L",879,1
"L",880,1
"L",881,0
"L",882,1
"L",883,1
"L",884,1
"L",885,0
"L",886,1
"L",887,0
"L",888,1
"L",889,0
"L",890,1
"L",891,1
"L",892,1
"L",893,0
"L",894,1
"L",895,1
"L",896,1
"L",897,1
"L",898,0
"L",899,0
"L",900,1
"L",901,0
"L",902,0
"L",903,1
"L",904,1
"L",905,1
"L",906,1
"L",907,1
"L",908,1
"L",909,1
"L",910,1
"L",911,1
"L",912,0
"L",913,1
"L",914,1
"L",915,0
"L",916,1
"L",917,1
"L",918,1
"L",919,1
"L",920,0
"L",921,0
"L",922,1
"L",923,0
"L",924,1
"L",925,1
"L",926,1
"L",927,1
"L",928,1
"L",929,1
"L",930,1
"L",931,1
"L",932,0
"L",933,1
"L",934,1
"L",935,1
"L",936,1
"L",937,1
"L",938,0
"L",939,1
"L",940,1
"L",941,0
"M",942,1
"M",943,1
"M",944,1
"M",945,1
"M",946,1
"M",947,1
"M",948,1
"M",949,1
"M",950,1
"M",951,1
"M",952,1
"M",953,1
"M",954,1
"M",955,1
"M",956,1
"M",957,0
"M",958,0
"M",959,1
"M",960,1
"M",961,1
"M",962,1
"M",963,1
"M",964,1
"M",965,0
"M",966,0
"M",967,0
"M",968,0
"M",969,0
"M",970,1
"M",971,1
"M",972,1
"M",973,1
"M",974,1
"M",975,1
"M",976,0
"M",977,0
"M",978,1
"M",979,1
"M",980,1
"M",981,1
"M",982,0
"M",983,1
"M",984,1
"M",985,0
"M",986,1
"M",987,0
"M",988,0
"M",989,0
"M",990,0
"M",991,1
"M",992,1
"M",993,1
"M",994,1
"M",995,1
"M",996,1
"M",997,1
"M",998,1
"M",999,1
"M",1000,1
"M",1001,0
"M",1002,1
"M",1003,1
"M",1004,1
"M",1005,0
"M",1006,1
"M",1007,0
"M",1008,1
"M",1009,1
"M",1010,1
"M",1011,0
"N",1012,0
"N",1013,0
"N",1014,1
"N",1015,1
"N",1016,1
"N",1017,0
"N",1018,0
"N",1019,1
"N",1020,0
"N",1021,0
"N",1022,1
"N",1023,1
"N",1024,0
"N",1025,0
"N",1026,1
"N",1027,1
"N",1028,0
"N",1029,1
"N",1030,1
"N",1031,1
"N",1032,1
"N",1033,1
"N",1034,0
"N",1035,1
"N",1036,1
"N",1037,1
"N",1038,1
"N",1039,0
"N",1040,1
"N",1041,1
"N",1042,1
"N",1043,0
"N",1044,1
"N",1045,1
"N",1046,1
"N",1047,1
"N",1048,0
"N",1049,0
"N",1050,1
"N",1051,0
"N",1052,0
"N",1053,1
"N",1054,1
"N",1055,1
"N",1056,1
"N",1057,0
"N",1058,1
"N",1059,1
"N",1060,0
"N",1061,1
"N",1062,1
"N",1063,1
"N",1064,1
"N",1065,1
"N",1066,1
"N",1067,0
"N",1068,1
"N",1069,0
"N",1070,0
"N",1071,1
"N",1072,1
"N",1073,1
"N",1074,0
"N",1075,1
"N",1076,1
"N",1077,1
"N",1078,1
"O",1079,1
"O",1080,1
"O",1081,1
"O",1082,1
"O",1083,1
"O",1084,1
"O",1085,1
"O",1086,0
"O",1087,1
"O",1088,1
"O",1089,1
"O",1090,0
"O",1091,1
"O",1092,1
"O",1093,0
"O",1094,1
"O",1095,1
"O",1096,1
"O",1097,1
"O",1098,1
"O",1099,1
"O",1100,0
"O",1101,0
"O",1102,1
"O",1103,1
"O",1104,0
"O",1105,1
"O",1106,1
"O",1107,1
"O",1108,1
"O",1109,1
"O",1110,0
"O",1111,1
"O",1112,1
"O",1113,0
"O",1114,1
"O",1115,0
"O",1116,1
"O",1117,0
"O",1118,0
"O",1119,1
"O",1120,0
"O",1121,1
"O",1122,0
"O",1123,1
"O",1124,1
"O",1125,0
"O",1126,1
"O",1127,1
"P",1128,0
"P",1129,1
"P",1130,1
"P",1131,1
"P",1132,0
"P",1133,1
"P",1134,0
"P",1135,1
"P",1136,0
"P",1137,1
"P",1138,1
"P",1139,1
"P",1140,0
"P",1141,0
"P",1142,1
"P",1143,1
"P",1144,1
"P",1145,0
"P",1146,1
"P",1147,1
"P",1148,1
"P",1149,1
"P",1150,1
"P",1151,1
"P",1152,1
"P",1153,1
"P",1154,0
"P",1155,0
"P",1156,1
"P",1157,1
"P",1158,1
"P",1159,1
"P",1160,1
"P",1161,0
"P",1162,1
"P",1163,1
"P",1164,1
"P",1165,1
"P",1166,0
"P",1167,0
"P",1168,1
"P",1169,1
"P",1170,1
"P",1171,1
"P",1172,0
"P",1173,1
"P",1174,1
"P",1175,0
"P",1176,1
"P",1177,1
"P",1178,1
"P",1179,1
"P",1180,1
"P",1181,0
"P",1182,1
"P",1183,1
"P",1184,0
"P",1185,1
"P",1186,0
"P",1187,1
"P",1188,0
"P",1189,1
"P",1190,1
"P",1191,0
"P",1192,1
"P",1193,0
"P",1194,1
"P",1195,1
"P",1196,1
"P",1197,1
"P",1198,0
"P",1199,1
"P",1200,0
"P",1201,1
"P",1202,1
"P",1203,0
"P",1204,1
"P",1205,1
"P",1206,1
"P",1207,0
"P",1208,1
"P",1209,1
"P",1210,0
"P",1211,1
"P",1212,1
"P",1213,0
"P",1214,0
"P",1215,0
"P",1216,1
"P",1217,1
"P",1218,1
"P",1219,1
"P",1220,0
"P",1221,0
"P",1222,1
"Q",1223,1
"Q",1224,1
"Q",1225,1
"Q",1226,1
"Q",1227,1
"Q",1228,1
"Q",1229,0
"Q",1230,1
"Q",1231,0
"Q",1232,1
"Q",1233,0
"Q",1234,1
"Q",1235,1
"Q",1236,1
"Q",1237,0
"Q",1238,1
"Q",1239,0
"Q",1240,1
"Q",1241,0
"Q",1242,1
"Q",1243,1
"Q",1244,1
"Q",1245,1
"Q",1246,1
"Q",1247,1
"Q",1248,1
"Q",1249,1
"Q",1250,1
"Q",1251,1
"Q",1252,1
"Q",1253,0
"Q",1254,0
"Q",1255,0
"Q",1256,1
"Q",1257,1
"Q",1258,1
"Q",1259,1
"Q",1260,1
"Q",1261,1
"Q",1262,0
"Q",1263,1
"Q",1264,1
"Q",1265,1
"Q",1266,1
"Q",1267,1
"Q",1268,1
"Q",1269,1
"Q",1270,1
"Q",1271,1
"Q",1272,1
"Q",1273,1
"Q",1274,0
"Q",1275,1
"R",1276,1
"R",1277,1
"R",1278,1
"R",1279,0
"R",1280,1
"R",1281,1
"R",1282,1
"R",1283,1
"R",1284,1
"R",1285,1
"R",1286,1
"R",1287,1
"R",1288,1
"R",1289,1
"R",1290,1
"R",1291,1
"R",1292,0
"R",1293,1
"R",1294,0
"R",1295,1
"S",1296,1
"S",1297,1
"S",1298,1
"S",1299,0
"S",1300,1
"S",1301,0
"S",1302,1
"S",1303,1
"S",1304,0
"S",1305,1
"S",1306,1
"S",1307,0
"S",1308,1
"S",1309,1
"S",1310,1
"S",1311,1
"S",1312,0
"S",1313,1
"S",1314,1
"S",1315,1
"S",1316,1
"S",1317,1
"S",1318,1
"S",1319,1
"S",1320,1
"S",1321,1
"S",1322,0
"S",1323,1
"S",1324,0
"S",1325,1
"S",1326,0
"S",1327,0
"S",1328,0
"S",1329,1
"S",1330,1
"S",1331,1
"S",1332,0
"S",1333,1
"S",1334,1
"S",1335,0
"S",1336,1
"S",1337,0
"S",1338,1
"S",1339,1
"S",1340,0
"S",1341,1
"S",1342,1
"S",1343,1
"S",1344,0
"S",1345,0
"S",1346,1
"S",1347,0
"S",1348,1
"S",1349,0
"S",1350,0
"S",1351,1
"S",1352,1
"S",1353,1
"S",1354,0
"S",1355,1
"S",1356,1
"S",1357,1
"T",1358,1
"T",1359,1
"T",1360,1
"T",1361,0
"T",1362,0
"T",1363,1
"T",1364,1
"T",1365,1
"T",1366,1
"T",1367,0
"T",1368,0
"T",1369,0
"T",1370,1
"T",1371,1
"T",1372,0
"T",1373,1
"T",1374,0
"T",1375,0
"T",1376,1
"T",1377,0
"T",1378,0
"T",1379,0
"T",1380,1
"T",1381,1
"T",1382,0
"T",1383,0
"T",1384,1
"T",1385,1
"T",1386,1
"T",1387,0
"T",1388,1
"T",1389,0
"T",1390,1
"T",1391,1
"T",1392,0
"T",1393,1
"T",1394,0
"T",1395,0
"T",1396,0
"T",1397,0
"T",1398,1
"T",1399,0
"T",1400,0
"T",1401,0
"T",1402,1
"T",1403,0
"T",1404,1
"T",1405,1
"T",1406,0
"T",1407,1
"T",1408,1
"T",1409,0
"T",1410,0
"T",1411,1
"T",1412,0
"T",1413,0
"T",1414,1
"T",1415,1
"T",1416,1
"T",1417,0
"T",1418,0
"T",1419,1
"T",1420,1
"T",1421,1
"T",1422,1
"T",1423,1
"T",1424,1
"T",1425,1
"T",1426,1
"T",1427,1
"T",1428,0
"T",1429,0
"T",1430,1
"T",1431,1
"T",1432,1
"T",1433,1
"T",1434,1
"T",1435,1
"T",1436,1
"T",1437,0
"T",1438,1
"T",1439,0
"T",1440,1
"T",1441,0
"T",1442,1
"T",1443,1
"T",1444,1
"T",1445,1
"T",1446,1
"T",1447,0
"T",1448,1
"T",1449,0
"T",1450,1
"T",1451,1
"T",1452,1
"T",1453,1
"T",1454,1
"T",1455,0
"T",1456,1
"T",1457,1
"T",1458,0
"T",1459,1
"T",1460,1
"T",1461,1
"U",1462,1
"U",1463,1
"U",1464,1
"U",1465,1
"U",1466,0
"U",1467,0
"U",1468,1
"U",1469,1
"U",1470,1
"U",1471,1
"U",1472,1
"U",1473,1
"U",1474,1
"U",1475,1
"U",1476,0
"U",1477,0
"U",1478,1
"U",1479,0
"U",1480,1
"U",1481,1
"U",1482,1
"U",1483,1
"U",1484,0
"U",1485,1
"U",1486,0
"U",1487,1
"U",1488,1
"U",1489,0
"U",1490,1
"U",1491,1
"U",1492,0
"U",1493,1
"U",1494,1
"U",1495,1
"U",1496,1
"U",1497,1
"U",1498,1
"U",1499,1
"U",1500,1
"U",1501,0
"U",1502,1
"U",1503,1
"U",1504,1
"U",1505,1
"U",1506,1
"U",1507,0
"U",1508,0
"U",1509,1
"U",1510,1
"U",1511,1
"U",1512,1
"U",1513,1
"U",1514,1
"U",1515,0
"U",1516,1
"U",1517,1
"U",1518,1
"U",1519,1
"U",1520,0
"U",1521,0
"U",1522,1
"U",1523,0
"U",1524,1
"U",1525,1
"U",1526,1
"U",1527,1
"U",1528,0
"U",1529,1
"U",1530,0
"U",1531,0
"U",1532,1
"U",1533,1
"U",1534,1
"U",1535,1
"U",1536,1
"U",1537,1
"U",1538,1
"U",1539,1
"U",1540,0
"U",1541,1
"U",1542,0
"U",1543,1
"U",1544,1
"U",1545,1
"U",1546,0
"U",1547,0
"U",1548,1
"U",1549,1
"U",1550,1
"U",1551,0
"U",1552,0
"U",1553,1
"U",1554,1
"U",1555,1
"U",1556,0
"U",1557,1
"U",1558,0
"U",1559,0
"U",1560,0
"U",1561,1
"U",1562,0
"U",1563,0
"U",1564,0
"U",1565,1
"U",1566,1
"U",1567,1
"U",1568,0
"U",1569,1
"U",1570,1
"U",1571,0
"U",1572,1
"V",1573,1
"V",1574,0
"V",1575,1
"V",1576,0
"V",1577,0
"V",1578,1
"V",1579,1
"V",1580,1
"V",1581,0
"V",1582,1
"V",1583,0
"V",1584,1
"V",1585,1
"V",1586,1
"V",1587,1
"V",1588,1
"V",1589,1
"V",1590,0
"V",1591,1
"V",1592,1
"V",1593,1
"V",1594,1
"V",1595,1
"V",1596,1
"V",1597,1
"V",1598,1
"V",1599,0
"V",1600,1
"V",1601,1
"V",1602,1
"V",1603,1
"V",1604,1
"V",1605,0
"V",1606,0
"V",1607,1
"V",1608,1
"V",1609,1
"V",1610,0
"V",1611,0
"V",1612,0
"V",1613,0
"V",1614,1
"V",1615,1
"V",1616,1
"V",1617,0
"V",1618,1
"V",1619,1
"V",1620,0
"V",1621,0
"V",1622,0
"V",1623,1
"V",1624,1
"V",1625,0
"V",1626,1
"V",1627,1
"V",1628,1
"V",1629,1
"V",1630,0
"V",1631,1
"V",1632,0
"V",1633,1
"V",1634,1
"V",1635,0
"V",1636,1
"V",1637,0
"V",1638,1
"V",1639,1
"V",1640,1
"V",1641,1
"V",1642,0
"V",1643,1
"V",1644,1
"V",1645,1
"V",1646,1
"V",1647,0
"V",1648,1
"V",1649,1
"V",1650,0
"V",1651,0
"V",1652,1
"V",1653,1
"V",1654,0
"V",1655,0
"V",1656,0
"W",1657,1
"W",1658,0
"W",1659,1
"W",1660,1
"W",1661,1
"W",1662,1
"W",1663,0
"W",1664,0
"W",1665,0
"W",1666,1
"W",1667,0
"W",1668,0
"W",1669,0
"W",1670,1
"W",1671,0
"W",1672,1
"W",1673,0
"W",1674,1
"W",1675,1
"W",1676,0
"W",1677,1
"W",1678,1
"W",1679,1
"W",1680,1
"W",1681,1
"W",1682,0
"W",1683,0
"W",1684,1
"W",1685,0
"W",1686,0
"W",1687,1
"W",1688,1
"W",1689,1
"W",1690,1
"W",1691,1
"W",1692,1
"W",1693,1
"W",1694,1
"W",1695,1
"W",1696,1
"W",1697,1
"W",1698,1
"W",1699,0
"W",1700,1
"W",1701,1
"W",1702,1
"W",1703,0
"W",1704,1
"W",1705,1
"W",1706,0
"W",1707,1
"W",1708,1
"W",1709,1
"W",1710,0
"W",1711,1
"W",1712,1
"W",1713,1
"W",1714,0
"W",1715,1
"W",1716,1
"W",1717,1
"W",1718,0
"W",1719,1
"W",1720,1
"W",1721,1
"W",1722,1
"W",1723,0
"W",1724,1
"W",1725,0
"W",1726,1
"W",1727,1
"W",1728,1
"W",1729,0
"W",1730,1
"W",1731,1
"W",1732,1
"W",1733,1
"W",1734,1
"W",1735,1
"W",1736,1
"W",1737,0
"W",1738,1
"W",1739,1
"W",1740,0
"W",1741,1
"X",1742,0
"X",1743,1
"X",1744,0
"X",1745,0
"X",1746,0
"X",1747,0
"X",1748,1
"X",1749,0
"X",1750,1
"X",1751,1
"X",1752,1
"X",1753,1
"X",1754,1
"X",1755,0
"X",1756,0
"X",1757,1
"X",1758,1
"X",1759,1
"X",1760,0
"X",1761,1
"X",1762,1
"X",1763,1
"X",1764,1
"X",1765,0
"X",1766,1
"X",1767,0
"X",1768,0
"X",1769,1
"X",1770,1
"X",1771,1
"X",1772,1
"X",1773,0
"X",1774,1
"X",1775,1
"X",1776,0
"X",1777,1
"X",1778,1
"X",1779,1
"X",1780,0
"X",1781,1
"X",1782,1
"X",1783,1
"X",1784,0
"X",1785,1
"X",1786,1
"X",1787,1
"X",1788,0
"X",1789,1
"X",1790,1
"X",1791,1
"X",1792,0
"X",1793,1
"X",1794,1
"X",1795,0
"X",1796,1
"X",1797,0
"X",1798,1
"X",1799,1
"X",1800,1
"X",1801,1
"X",1802,0
"X",1803,1
"X",1804,1
"X",1805,1
"X",1806,1
"X",1807,1
"X",1808,0
"X",1809,1
"X",1810,0
"X",1811,0
"X",1812,1
"X",1813,1
"X",1814,0
"X",1815,1
"X",1816,1
"X",1817,1
"X",1818,1
"X",1819,1
"X",1820,0
"X",1821,1
"X",1822,1
"X",1823,1
"X",1824,0
"X",1825,1
"X",1826,1
"X",1827,1
"X",1828,1
"X",1829,1
"X",1830,1
"X",1831,1
"X",1832,1
"X",1833,0
"X",1834,1
"X",1835,0
"X",1836,1
"X",1837,0
"X",1838,1
"X",1839,0
"X",1840,1
"Y",1841,1
"Y",1842,1
"Y",1843,1
"Y",1844,1
"Y",1845,1
"Y",1846,0
"Y",1847,1
"Y",1848,1
"Y",1849,1
"Y",1850,1
"Y",1851,1
"Y",1852,1
"Y",1853,1
"Y",1854,0
"Y",1855,1
"Y",1856,0
"Y",1857,1
"Y",1858,1
"Y",1859,1
"Y",1860,1
"Y",1861,1
"Y",1862,0
"Y",1863,1
"Y",1864,1
"Y",1865,0
"Y",1866,1
"Y",1867,1
"Y",1868,0
"Y",1869,1
"Y",1870,1
"Y",1871,1
"Y",1872,1
"Y",1873,1
"Y",1874,0
"Y",1875,1
"Y",1876,1
"Y",1877,0
"Y",1878,1
"Y",1879,1
"Y",1880,1
"Y",1881,1
"Y",1882,1
"Y",1883,1
"Y",1884,1
"Y",1885,0
"Y",1886,1
"Y",1887,1
"Y",1888,0
"Y",1889,1
"Y",1890,1
"Y",1891,0
"Y",1892,1
"Y",1893,1
"Y",1894,1
"Y",1895,0
"Y",1896,1
"Y",1897,0
"Y",1898,1
"Y",1899,1
"Y",1900,1
"Y",1901,1
"Y",1902,1
"Y",1903,1
"Y",1904,1
"Y",1905,1
"Y",1906,1
"Y",1907,1
"Y",1908,1
"Y",1909,0
"Y",1910,1
"Y",1911,1
"Y",1912,0
"Y",1913,1
"Y",1914,0
"Y",1915,1
"Y",1916,1
"Y",1917,1
"Y",1918,1
"Z",1919,1
"Z",1920,1
"Z",1921,1
"Z",1922,1
"Z",1923,1
"Z",1924,1
"Z",1925,1
"Z",1926,1
"Z",1927,0
"Z",1928,1
"Z",1929,1
"Z",1930,1
"Z",1931,0
"Z",1932,1
"Z",1933,0
"Z",1934,1
"Z",1935,1
"Z",1936,1
"Z",1937,0
"Z",1938,1
"Z",1939,0
"Z",1940,1
"Z",1941,1
"Z",1942,1
"Z",1943,1
"Z",1944,1
"Z",1945,1
"Z",1946,0
"Z",1947,1
"Z",1948,1
"Z",1949,1
"Z",1950,1
"Z",1951,1
"Z",1952,0
"Z",1953,1
"Z",1954,0
"Z",1955,0
"Z",1956,0
"Z",1957,1
"Z",1958,1
"Z",1959,1
"Z",1960,0
"Z",1961,0
"Z",1962,0
"Z",1963,0
"Z",1964,1
"Z",1965,1
"Z",1966,1
"Z",1967,1
"Z",1968,1
"Z",1969,0
"Z",1970,1
"Z",1971,0
"Z",1972,1
"Z",1973,1
"Z",1974,0
"Z",1975,0
"Z",1976,1
"Z",1977,1
"Z",1978,0
"Z",1979,1
"Z",1980,0
"Z",1981,1
"Z",1982,1
"Z",1983,1
"Z",1984,1
"Z",1985,0
"Z",1986,0
"Z",1987,1
"Z",1988,0
"Z",1989,1
"Z",1990,1
"Z",1991,1
"Z",1992,0
"Z",1993,1
"Z",1994,1
"Z",1995,0
"Z",1996,1
"Z",1997,1
"Z",1998,1
"Z",1999,0
"Z",2000,1
